store_code,region,branch_name,display_name,open_date,address
001,서울,서울 동대문점,오늘은 오므라이스 서울 동대문점,2024-10-01,서울특별시 동대문구 서울시립대로3길6
002,경남,경남 진주점,오늘은 오므라이스 경남 진주점,2024-12-04,경상남도 진주시 진양호로532번길 10
003,서울,서울 강동점,오늘은 오므라이스 서울 강동점,2024-12-11,서울특별시 강동구 양재대로125길 42 지하1층
004,서울,서울 중랑점,오늘은 오므라이스 서울 중랑점,2024-12-19,서울특별시 중랑구 면목로31길 22
005,부산,부산 사하점,오늘은 오므라이스 부산 사하점,2024-12-21,부산광역시 사하구 하신번영로157번길 22
006,부산,부산 해운대점,오늘은 오므라이스 부산 해운대점,2024-12-21,부산광역시 해운대구 중동 794-11 1층 101일부호
007,경기,경기 안양점,오늘은 오므라이스 경기 안양점,2024-12-30,경기도 안양시 만안구 장내로139번길 52 3층 301호
008,경기,경기 부천점,오늘은 오므라이스 경기 부천점,2025-01-21,경기도 부천시 원미구 부흥로307번길31 108호
009,서울,서울 광진점,오늘은 오므라이스 서울 광진점,2025-02-04,서울특별시 광진구 군자로35
010,충북,충북 청주점,오늘은 오므라이스 충북 청주점,2025-02-04,충청북도 청주시 서원구 1순환로 642 지하1층103호
011,경북,경북 포항 북구 홍해점,오늘은 오므라이스 경북 포항 북구 홍해점,2025-02-06,포항시 북구 홍해읍 초곡지구로58번길 14
012,경북,경북 포항 북구점,오늘은 오므라이스 경북 포항 북구점,2025-02-06,포항시 북구 법원로115번길 5
013,서울,서울 송파점,오늘은 오므라이스 서울 송파점,2025-02-10,서울특별시 송파구 오금로29길 4-1
014,경기,경기 하남점,오늘은 오므라이스 경기 하남점,2025-02-13,경기도 하남시 미사강변대로52 112호
015,경남,경남 양산웅상점,오늘은 오므라이스 경남 양산웅상점,2025-03-05,경상남도 양산시 평산북2길 27
016,세종,세종점,오늘은 오므라이스 세종점,2025-03-14,세종특별자치시 달빛로77 상가동 1층 102호
017,경기,경기 구리점,오늘은 오므라이스 경기 구리점,2025-03-14,경기도 구리시 검배로104 1층
018,서울,서울 영등포점,오늘은 오므라이스 서울 영등포점,2025-03-19,서울특별시 영등포구 도신로 143 1층
019,경남,경남 양산평산점,오늘은 오므라이스 경남 양산평산점,2025-03-24,경상남도 양산시 평산북2길 27
020,전남,전남 광양점,오늘은 오므라이스 전남 광양점,2025-04-05,전라남도 광양시 광양읍 인서중앙길 18
021,대구,대구 서구점,오늘은 오므라이스 대구 서구점,2025-04-10,대구광역시 서구 서대구로 21길 12
022,충남,충남 천안점,오늘은 오므라이스 충남 천안점,2025-04-19,충청남도 천안시 동남구 원성25길 13-7 1층
023,광주,광주 월계점,오늘은 오므라이스 광주 월계점,2025-04-20,"광주광역시 광산구 첨단중앙로106번길 65-3, 1층 122호"
024,경기,경기 산본점,오늘은 오므라이스 경기 산본점,2025-04-28,경기도 군포시 금정동 764-63 1층
025,대구,대구 수성점,오늘은 오므라이스 대구 수성점,2025-05-08,대구광역시 수성구 들안로 48길 42
026,부산,부산 기장점,오늘은 오므라이스 부산 기장점,2025-05-09,"부산광역시 기장군 정관읍 매학리 718-4, 122호"
027,대구,대구 율하점,오늘은 오므라이스 대구 율하점,2025-05-09,대구광역시 동구 율하동로19길 11
028,경남,경남 진해점,오늘은 오므라이스 경남 진해점,2025-05-09,경상남도 창원시 진해구 웅천동로106번길 19
029,경기,경기 분당수내점,오늘은 오므라이스 경기 분당수내점,2025-05-21,경기도 성남시 분당구 내정로 165번길 38 602동2층 219-2호
030,서울,서울 성신여대점,오늘은 오므라이스 서울 성신여대점,2025-05-24,서울특별시 성북구 동소문로22길 19-2 1층
031,충남,충남 천안쌍용점,오늘은 오므라이스 충남 천안쌍용점,2025-05-30,충청남도 천안시 서북구 쌍용16길 46 1층
032,경기,경기 안산고잔점,오늘은 오므라이스 경기 안산고잔점,2025-05-30,경기도 안산시 단원구 광덕4로 144 a동 109호
033,인천,인천 부평점,오늘은 오므라이스 인천 부평점,2025-06-05,인천광역시 부평구 부평동 882-7
034,경남,경남 김해점,오늘은 오므라이스 경남 김해점,2025-06-05,경상남도 김해시 경원로55번길 38 103호
035,전남,전남 완도점,오늘은 오므라이스 전남 완도점,2025-06-12,전라남도 완도군 완도읍 해변공원로 150 상가동 1층 102호
036,경기,경기 수원인계점,오늘은 오므라이스 경기 수원인계점,2025-06-13,경기도 수원시 팔달구 경수대로507번길 14
037,경남,경남 진해용원점,오늘은 오므라이스 경남 진해용원점,2025-06-26,경상남도 창원시 진해구 만금로 19 1층 107호
038,전남,전남 여수점,오늘은 오므라이스 전남 여수점,2025-07-02,전라남도 여수시 여서로 201 상가3동 7호
039,경기,경기 용인수지점,오늘은 오므라이스 경기 용인수지점,2025-07-19,경기도 용인시 수지구 성복동 33-5 1층 107호
040,경북,경북 경주안강점,오늘은 오므라이스 경북 경주안강점,2025-07-22,경상북도 경주시 안강읍 구부랑4길 14-10
041,충남,충남 아산배방점,오늘은 오므라이스 충남 아산배방점,2025-07-22,충청남도 아산시 배방읍 북수로 95-3
042,부산,부산 사직점,오늘은 오므라이스 부산 사직점,2025-07-29,부산광역시 동래구 여고북로123번길 5
043,경기,경기 화성봉담점,오늘은 오므라이스 경기 화성봉담점,2025-08-05,경기도 화성시 봉담읍 오래4길 4
044,경기,경기 여주점,오늘은 오므라이스 경기 여주점,2025-08-13,경기도 여주시 여흥로 143-1
045,경기,경기 시흥점,오늘은 오므라이스 경기 시흥점,2025-08-14,경기도 시흥시 서울대학로264번길 50 b동 1층 111호
046,인천,인천 검단점,오늘은 오므라이스 인천 검단점,2025-08-19,인천광역시 서구 완정로 23 101호
047,강원,강원 원주점,오늘은 오므라이스 강원 원주점,2025-08-20,강원도 원주시 능라동길 35 101호
048,경기,경기 일산점,오늘은 오므라이스 경기 일산점,2025-08-21,경기도 고양시 일산동구 일산로428번길 38 1층
049,충남,충남 서산점,오늘은 오므라이스 충남 서산점,2025-08-26,충청남도 서산시 대지제2로 5 1층
050,대구,대구 칠곡점,오늘은 오므라이스 대구 칠곡점,2025-08-27,대구광역시 북구 칠곡중앙대로69길 19
051,전북,전북 익산점,오늘은 오므라이스 전북 익산점,2025-08-28,전라북도 익산시 익산대로22길 42 1층
052,대전,대전 서구점,오늘은 오므라이스 대전 서구점,2025-08-29,대전광역시 서구 갈마로147번길 35 1층
053,경기,경기 동탄점,오늘은 오므라이스 경기 동탄점,2025-09-01,경기도 화성시 동탄순환대로 823 1층
054,경기,경기 의정부점,오늘은 오므라이스 경기 의정부점,2025-09-17,경기도 의정부시 호국로 1340 미리온타워 1층
055,경기,경기 동두천점,오늘은 오므라이스 경기 동두천점,2025-09-18,경기도 동두천시 평화로 2379-1 1층
056,경기,경기 안성점,오늘은 오므라이스 경기 안성점,2025-09-18,경기도 안성시 장기로69번길 9-4
057,경기,경기 이천점,오늘은 오므라이스 경기 이천점,2025-09-23,경기도 이천시 남천로61 1층
058,경남,경남 사천점,오늘은 오므라이스 경남 사천점,2025-09-23,경상남도 사천시 사천읍 수양로 46 1층
059,인천,인천 가정점,오늘은 오므라이스 인천 가정점,2025-09-26,인천광역시 서구 새오개로111번안길 6 1층 103호
060,충남,충남 당진점,오늘은 오므라이스 충남 당진점,2025-10-13,충청남도 당진시 북문로 3-12 1층
061,제주,제주 애월점,오늘은 오므라이스 제주 애월점,2025-10-15,제주특별자치도 제주시 애월읍 하귀미수포길 4
062,경북,경북 구미점,오늘은 오므라이스 경북 구미점,2025-10-15,경상북도 구미시 상사서로 158-1 1층
063,경기,경기 김포구래점,오늘은 오므라이스 경기 김포구래점,2025-10-23,"경기도 김포시 김포한강9로75번길 56,1층 112호"
064,경북,경북 영천점,오늘은 오므라이스 경북 영천점,2025-11-05,경상북도 영천시 상록8길 30(야사동)
065,경기,경기 오산점,오늘은 오므라이스 경기 오산점,2025-11-06,경기도 오산시 궐동로7번길 8 102호
066,경북,경북 안동점,오늘은 오므라이스 경북 안동점,2025-11-07,경상북도 안동시 태화중앙로 123 1층
067,경북,경북 영주점,오늘은 오므라이스 경북 영주점,2025-11-07,경상북도 영주시 중앙로63번길 17 102호
068,부산,부산 사상점,오늘은 오므라이스 부산 사상점,2025-11-20,부산광역시 사상구 사상로 471-1(모라동)
069,충남,충남 예산점,오늘은 오므라이스 충남 예산점,2025-11-28,충청남도 예산군 예산읍 역전로 122
070,전남,전남 순천점,오늘은 오므라이스 전남 순천점,2025-12-01,"전라남도 순천시 남신월4길 9-24, 2층 2호"
071,전남,전남 나주점,오늘은 오므라이스 전남 나주점,2025-12-02,전라남도 나주시 재신길 6-10 1층
072,충북,충북 옥천점,오늘은 오므라이스 충북 옥천점,2025-12-03,충청북도 옥천군 옥천읍 삼양로 96
073,서울,서울 마포점,오늘은 오므라이스 서울 마포점,2025-12-04,서울특별시 마포구 신촌로14길30 2층
074,충남,충남 계룡점,오늘은 오므라이스 충남 계룡점,2025-12-05,충청남도 계룡시 엄사면 엄사리 190-2
075,충북,충북 음성점,오늘은 오므라이스 충북 음성점,2025-12-12,"충청북도 음성군 대소면 대금로 484,나동"
076,서울,서울 노원점,오늘은 오므라이스 서울 노원점,2025-12-15,"서울특별시 노원구 상계로24길 16, 1층(상계동)"
077,충북,충북 제천점,오늘은 오므라이스 충북 제천점,2025-12-17,충청북도 제천시 고암로1길 19-1
078,경남,경남 삼천포점,오늘은 오므라이스 경남 삼천포점,2025-12-18,경상남도 사천시 문선8길 9-19(벌리동)
079,전북,전북 군산점,오늘은 오므라이스 전북 군산점,2025-12-24,"전북특별자치도 군산시 의료원로 141, 1층 116호(나운동)"
080,광주,광주 서구점,오늘은 오므라이스 광주 서구점,2025-12-29,광주광역시 서구 운천로 162번길 27 1층 101호
081,충북,충북 금왕점,오늘은 오므라이스 충북 금왕점,2025-12-30,"충청북도 음성군 금왕읍 대금로 1557-14, 109호(음성금왕시티프디움)"
082,경기,경기 화성병점점,오늘은 오므라이스 경기 화성병점점,2025-12-31,경기도 화성시 병점3로 19-29 1층 101호
083,경남,경남 진해자은점,오늘은 오므라이스 경남 진해자은점,2026-01-02,경상남도 창원시 진해구 냉천남로 3-10
084,강원,강원 홍천점,오늘은 오므라이스 강원 홍천점,2026-01-02,강원도 홍천군 홍천읍 갈마곡리 23-115 2층 202호
085,경기,경기 안중점,오늘은 오므라이스 경기 안중점,2026-01-05,"경기도 평택시 안중읍 송담5길 52, 1층 101호"
086,강원,강원 강릉점,오늘은 오므라이스 강원 강릉점,2026-01-06,"강원특별자치도 강릉시 선수촌로 13, 상가동 105호(홍제동, 엘에이치 미디어촌5단지)"
087,충남,충남 논산점,오늘은 오므라이스 충남 논산점,2026-01-07,"충청남도 논산시 중앙홀384번길 25-14, 1층(취암동)"
088,전남,전남 나주혁신도시점,오늘은 오므라이스 전남 나주혁신도시점,2026-01-08,"전라남도 나주시 상야4길 10, 149호, 150호(빛가람동, 페션에이스)"
089,서울,서울 강서점,오늘은 오므라이스 서울 강서점,2026-01-12,"서울특별시 강서구 강서로20길 26 1층, 101호, 102호 (화곡동)"
090,인천,인천 연수구점,오늘은 오므라이스 인천 연수구점,2026-01-13,"인천광역시 연수구 함박뫼로12번길 26, 1층 102호(청학동)"
091,경기,경기 팽성점,오늘은 오므라이스 경기 팽성점,2026-01-13,경기도 평택시 팽성읍 부용로 73-16 1층(서해타워)
092,서울,서울 연신내점,오늘은 오므라이스 서울 연신내점,2026-01-15,서울특별시 은평구 갈현로302-3 1층
093,경기,경기 파주문산점,오늘은 오므라이스 경기 파주문산점,2026-01-16,"경기도 파주시 문산읍 문산로 36, 1층"
094,전북,전북 김제점,오늘은 오므라이스 전북 김제점,2026-01-21,전북특별자치도 김제시 요촌동2길 7-19
095,강원,강원 양양점,오늘은 오므라이스 강원 양양점,2026-01-22,강원특별자치도 양양군 양양읍 남문로 12-1
096,전남,전남 목포점,오늘은 오므라이스 전남 목포점,2026-01-26,"전라남도 목포시 백년대로297번길 27, 1층"
097,충남,충남 홍성점,오늘은 오므라이스 충남 홍성점,2026-01-28,충청남도 홍성군 홍성읍 문화로72번길 57
098,경남,경남 창원점,오늘은 오므라이스 경남 창원점,2026-02-06,"경상남도 창원시 의창구 원이대로81번길 29, 1층 일부호(도계동)"
099,충북,충북 진천점,오늘은 오므라이스 충북 진천점,2026-02-13,"충청북도 진천군 진천읍 남산4길 12, 101호"
100,경기,경기 진접점,오늘은 오므라이스 경기 진접점,2026-02-19,"경기도 남양주시 진접음 해밀예당3로 36, 상가동 101-2호(부영사랑으로아파트)"
101,전남,전남 삼호점,오늘은 오므라이스 전남 삼호점,2026-02-23,"전라남도 영암군 삼호읍 대불주거8로 55, 107동 1층 103호"
102,인천,인천 영종도점,오늘은 오므라이스 인천 영종도점,2026-02-25,"인천광역시 중구 운서2로68번길 3, 101호(문서동)"
103,경기,경기 성남점,오늘은 오므라이스 경기 성남점,2026-03-01,경기도 성남시 중원구 광명로 110번길 11 1층 101호
104,대전,대전 용산점,오늘은 오므라이스 대전 용산점,2026-03-02,"대전광역시 유성구 배울1로 119, 대덕테크노밸리12단지아파트 상가동 103호(용산동)"
105,경기,경기 금촌점,오늘은 오므라이스 경기 금촌점,2026-03-06,경기도 파주시 중앙로 208(금촌동)
106,경북,경북 김천점,오늘은 오므라이스 경북 김천점,2026-03-06,"경상북도 김천시 모암길 232,1층 1호"
107,강원,강원 춘천점,오늘은 오므라이스 강원 춘천점,2026-03-09,강원특별자치도 춘천시 춘천로 68번길 8 1층
108,광주,광주 송정점,오늘은 오므라이스 광주 송정점,2026-03-10,"광주광역시 광산구 송정로8번길 36, 나동 1층(송정동)"
109,대구,대구 달서구점,오늘은 오므라이스 대구 달서구점,2026-03-13,대구광역시 달서구 학산로7길 69-6(본동)
110,경북,경북 포항 남구 오천점,오늘은 오므라이스 경북 포항 남구 오천점,2026-03-17,포항시 남구 오천읍 원동로131번길 7
111,충북,충북 서충주점,오늘은 오므라이스 충북 서충주점,2026-03-18,"충청북도 충주시 대소원면 첨단산업1로 71, 1층"
112,경기,경기 경안점,오늘은 오므라이스 경기 경안점,2026-03-19,"경기도 광주시 경안로41번길 6, 금호리첸시아상가 b동128호"
113,경기,경기 통진점,오늘은 오므라이스 경기 통진점,2026-03-20,경기도 김포시 통진읍 서암로6번길 11-5
114,경북,경북 구미봉곡점,오늘은 오므라이스 경북 구미봉곡점,2026-03-23,"경상북도 구미시 봉곡북로 6701, 1층(봉곡동)"
115,전남,전남 해남점,오늘은 오므라이스 전남 해남점,2026-03-24,"전라남도 해남군 해남읍 북부순환로 147, 2층"
116,경기,경기 고양점,오늘은 오므라이스 경기 고양점,2026-03-30,"경기도 고양시 덕양구 혜음로 30, 103동 상가동(고양동, 삼성아파트)"
117,경북,경북 울진점,오늘은 오므라이스 경북 울진점,2026-04-01,경상북도 울진군 울진읍 울진중앙로 87
118,전남,전남 담양점,오늘은 오므라이스 전남 담양점,2026-04-06,"전라남도 담양군 담양읍 삼거리길 12-24, 1층"
119,경기,경기 송탄점,오늘은 오므라이스 경기 송탄점,2026-04-06,"경기도 평택시 점촌로 30, 1층(서정동)"
120,대전,대전점,오늘은 오므라이스 대전점,2026-04-07,대전광역시 대덕구 한남로38번길15 1층
121,충북,충북 혁신도시,오늘은 오므라이스 충북 혁신도시,2026-04-07,충청북도 음성군 맹동면 대하1길 4 104호
122,부산,부산 광안점,오늘은 오므라이스 부산 광안점,2026-04-07,부산광역시 수영구 무학로 43-3
123,전남,전남 화순점,오늘은 오므라이스 전남 화순점,2026-04-08,전라남도 화순군 화순읍 만연로 17 (169-4)
124,부산,부산 대연점,오늘은 오므라이스 부산 대연점,2026-04-10,부산광역시 남구 용소로13번길 103 1층 102호
125,경기,경기 향남점,오늘은 오므라이스 경기 향남점,2026-04-13,"경기도 화성시 향남읍 한절이1길 6-17, 1층"
126,전남,전남 남악점,오늘은 오므라이스 전남 남악점,2026-04-14,"전라남도 무안군 삼향읍 대죽서로 20, 1층 101호, 102호 (독도프라자)"
127,서울,서울 독산점,오늘은 오므라이스 서울 독산점,2026-04-16,서울특별시 금천구 독산로65길 24
128,충남,충남 온양온천점,오늘은 오므라이스 충남 온양온천점,2026-04-17,"충청남도 아산시 번영로216번길 37, 103호"
129,경남,경남 밀양점,오늘은 오므라이스 경남 밀양점,2026-04-23,경상남도 밀양시 삼문중앙로3길 29-6 1층
130,서울,서울 수유점,오늘은 오므라이스 서울 수유점,2026-05-01,서울특별시 강북구 도봉로95길 51 1층
131,경기,경기 동백점,오늘은 오므라이스 경기 동백점,2026-05-06,"경기도 용인시 기흥구 동백5로 22, 가동 1층 139호"
132,경남,경남 김해율하점,오늘은 오므라이스 경남 김해율하점,2026-05-07,"경상남도 김해시 율하3로 27, 1층 104-2호"
133,경기,경기 평택포승점,오늘은 오므라이스 경기 평택포승점,2026-05-07,"경기도 평택시 포승읍 2황대길 20, 상가동 지하 1층 일부"
134,충남,충남 금산점,오늘은 오므라이스 충남 금산점,2026-05-08,"충청남도 금산군 금산읍 비호로 92, 1층"
135,경기,경기 신현점,오늘은 오므라이스 경기 신현점,2026-05-12,"경기도 광주시 오포읍 머루숯길 8, 1층"
136,충남,충남 당진현대제철점,오늘은 오므라이스 충남 당진현대제철점,2026-05-13,충청남도 당진시 송산면 유곡리 159-7
137,서울,서울 신림점,오늘은 오므라이스 서울 신림점,2026-05-19,서울특별시 관악구 은천로 9 1층
138,경기,경기 남양점,오늘은 오므라이스 경기 남양점,2026-05-21,"경기도 화성시 남양읍 역골로49번길 6-3, 1동 1층 101호"
139,경기,경기 김포장기점,오늘은 오므라이스 경기 김포장기점,2026-05-21,"경기도 김포시 태장로795번길 23, R149호(장기동)"
140,경남,경남 거제점,오늘은 오므라이스 경남 거제점,2026-05-22,"경상남도 거제시 계룡로5길 11, 2동 1층(상동동)"
141,경남,경남 통영점,오늘은 오므라이스 경남 통영점,2026-05-26,"경상남도 통영시 광도면 죽림2로 76-47, 가동 1층 103호"
142,경기,경기 청북점,오늘은 오므라이스 청북점,2026-05-28,경기도 평택시 청북읍 안청로2길 33-3"
143,충남,충남 송악점,오늘은 오므라이스 충남 송악점,2026-05-29,"충청남도 당진시 송악읍 신복운로7길 14, 1층"
144,충남,충남 태안점,오늘은 오므라이스 충남 태안점,2026-06-05,충청남도 태안군 태안읍 군청9길 53
145,충남,충남 청양점,오늘은 오므라이스 충남 청양점,2026-06-05,충청남도 청양군 청양읍 칠갑산로4길 36
146,충남,충남 서북구청점,오늘은 오므라이스 충남 서북구청점,2026-06-08,"충청남도 천안시 서북구 성거읍 봉주로 120"
147,충남,충남 내포점,오늘은 오므라이스 충남 내포점,2026-06-22,충청남도 예산군 삽교읍 청사로 217"
148,충남,충남 보령점,오늘은 오므라이스 충남 보령점,2026-06-22,충청남도 보령시 지장골길 100"
149,경기,경기 별내점,오늘은 오므라이스 경기 별내점,2026-06-23,경기도 남양주시 두물로27번길 35"
150,경북,경북 포항남구점,오늘은 오므라이스 경북 포항남구점,2026-06-24,경상북도 포항시 남구 상대로 124"
151,전남,전남 장흥점,오늘은 오므라이스 전남 장흥점,2026-06-25,전라남도 장흥군 장흥읍 문림로 23",
152,전남,전남 무안점,오늘은 오므라이스 전남 무안점,2026-06-26,전라남도 무안군 무안읍 창포로 39-12"
153,충남,충남 부여점,오늘은 오므라이스 충남 부여점,2026-07-01,"충청남도 부여군 부여읍 석탑로 45, 1층"
154,대구,대구 현풍점,오늘은 오므라이스 대구 현풍점,2026-07-01,"대구광역시 달성군 현풍읍 테크노중앙대로5길 35, 1층"
155,울산,울산 무거점,오늘은 오므라이스 울산 무거점,2026-07-02,"울산광역시 남구 대학로 106, 1층 (무거동)"
156,경남,경남 성산구점,오늘은 오므라이스 경남 성산구점,2026-07-02,경상남도 창원시 성산구 신월로 41(신월동)
157,강원,강원 횡성점,오늘은 오므라이스 강원 횡성점,2026-07-03,강원특별자치도 횡성군 횡성읍 화성로1번길 3
158,경남,경남 창원중리점,오늘은 오므라이스 경남 창원중리점,2026-07-07,"경상남도 창원시 마산회원구 내서읍 광려천북로 198, 104호(한백아파트상가)"
159,경북,경북 경주황성점,오늘은 오므라이스 경북 경주황성점,2026-07-08,"경상북도 경주시 황성로64번길 30-28, 1층(황성동)"
160,경남,경남 함안점,오늘은 오므라이스 경남 함안점,2026-07-09,경상남도 함안군 가야읍 함안대로 538
161,전남,전남 중마점,오늘은 오므라이스 전남 중마점,2026-07-10,전라남도 광양시 중마중앙로 132(중동)
162,충북,충북 증평점,오늘은 오므라이스 충북 증평점,2026-07-13,"충청북도 증평군 증평읍 초중로 55, 2층 202호"
163,경기,경기 용인처인구점,오늘은 오므라이스 경기 용인처인구점,2026-07-14,"경기도 용인시 처인구 중부대로 1338, 1층 101호(김량장동, 청강빌딩)"
164,경북,경북 상주점,오늘은 오므라이스 경북 상주점,2026-07-14,경상북도 상주시 삼백로 162-1(서성동)
165,전북,전북 고창점,오늘은 오므라이스 전북 고창점,2026-07-16,전북특별자치도 고창군 고창읍 남정14길 9
166,전북,전북 남원점,오늘은 오므라이스 전북 남원점,2026-07-16,전북특별자치도 남원시 숲정이3길 9(죽항동)
167,울산,울산 북구점,오늘은 오므라이스 울산 북구점,2026-07-20,"울산광역시 북구 동대11길 5, 1층(호계동)"
168,경남,경남 창원의창구점,오늘은 오므라이스 경남 창원의창구점,2026-07-23,"경상남도 창원시 의창구 북면 감계로110번길 54-15, 103호"
169,충북,충북 충주점,오늘은 오므라이스 충북 충주점,2026-07-23,"충청북도 충주시 국원대로 21, 1층(문화동)"
170,경북,경북 문경점,오늘은 오므라이스 경북 문경점,2026-07-27,경상북도 문경시 점촌3길 24(점촌동)
171,경남,경남 고성군청점,오늘은 오므라이스 경남 고성군청점,2026-07-28,경상남도 고성군 고성읍 동외로 156번길 16
172,충북,충북 괴산점,오늘은 오므라이스 충북 괴산점,2026-07-28,"충청북도 괴산군 괴산읍 읍내로 11길 8-8, 1층"
173,전북,전북 정읍점,오늘은 오므라이스 전북 정읍점,2026-08-01,전북특별자치도 정읍시 수성3로 39-3(수성동)
174,경북,경북 성주점,오늘은 오므라이스 경북 성주점,2026-08-10,경상북도 성주군 성주읍 성주순환로3길 13
175,경남,경남 남지점,오늘은 오므라이스 경남 남지점,2026-08-11,"경상남도 창녕군 남지읍 남지중앙2길 60, 102호"
176,경남,경남 창녕점,오늘은 오므라이스 경남 창녕점,2026-08-11,경상남도 창녕군 창녕읍 향교길 49
177,경북,경북 구미인동점,오늘은 오므라이스 경북 구미인동점,2026-08-12,"경상북도 구미시 인동21길 10-1, 1층(인의동)"
178,충남,충남 아산트레이더스점,오늘은 오므라이스 충남 아산트레이더스점,2026-08-20,"충청남도 아산시 배방읍 고속철대로 133, 2층 푸드코드 2번호실(이마트 트레이더스 천안아산점)"
179,강원,강원 속초점,오늘은 오므라이스 강원 속초점,2026-08-25,강원특별자치도 속초시 중앙로55번길 12(교동)
180,경기,경기 파주월롱점,오늘은 오므라이스 경기 파주월롱점,2026-08-28,"경기도 파주시 월롱면 엘씨디로 16, 138호 139호(신한은행)"
181,경기,경기 시흥시청점,오늘은 오므라이스 경기 시흥시청점,2026-09-01,경기도 시흥시 시청로72번길 21-2
182,충북,충북 오창점,오늘은 오므라이스 충북 오창점,2026-09-02,충청북도 청주시 청원구 오창읍 양청5길 1
183,부산,부산 강서명지점,오늘은 오므라이스 부산 강서명지점,2026-09-03,부산광역시 강서구 명지오션시티10로 114
184,전북,전북 완주점,오늘은 오므라이스 전북 완주점,2026-09-04,전북특별자치도 완주군 봉동읍 원둔산1길 40
185,경남,경남 진영점,오늘은 오므라이스 경남 진영점,2026-09-09,경상남도 김해시 진영읍 김해대로407번길 12-18 1층내
186,강원,강원 동해점,오늘은 오므라이스 강원 동해점,2026-09-09,강원특별자치도 동해시 효자남길 41
187,강원,강원 태백점,오늘은 오므라이스 강원 태백점,2026-09-09,강원도 태백시 황지남3길 6
188,제주,제주 제주시청점,오늘은 오므라이스 제주 제주시청점,2026-09-10,제주특별자치도 제주시 서광로32길 37-2(이도이동)
189,경기,경기 마장점,오늘은 오므라이스 경기 마장점,2026-09-14,경기도 이천시 마장면 양촌로6번길 13-6 2층 101호
190,경남,경남 통영봉평점,오늘은 오므라이스 경남 통영봉평점,2026-09-16,경상남도 통영시 도남로 111 1층
191,전북,전북 부안점,오늘은 오므라이스 전북 부안점,2026-09-18,전북특별자치도 부안군 부안읍 동중1길 15
192,광주,광주 북구점,오늘은 오므라이스 광주 북구점,2026-09-30,전남광주통합특별시 북구 서방로40번길 13 상가동 지1층 B102호
